"CODIGO";"CODIGOCONTA";"CODIGOUSUARIO";"USUARIO";"DHMODIFICACAO"
"3,000000";"734,000000";"13,000000";"RETOMA";"28/01/2008 12:18"
"4,000000";"1495,000000";"13,000000";"RETOMA";"28/01/2008 12:20"
"5,000000";"735,000000";"14,000000";"RETOMA";"28/01/2008 12:20"
"6,000000";"1110,000000";"14,000000";"RETOMA";"28/01/2008 12:21"
"7,000000";"736,000000";"15,000000";"RETOMA";"28/01/2008 12:21"
"8,000000";"743,000000";"15,000000";"RETOMA";"28/01/2008 12:21"
"19,000000";"741,000000";"11,000000";"RETOMA";"28/01/2008 13:16"
"20,000000";"760,000000";"11,000000";"RETOMA";"28/01/2008 13:16"
"27,000000";"746,000000";"5,000000";"RETOMA";"28/01/2008 13:19"
"28,000000";"764,000000";"5,000000";"RETOMA";"28/01/2008 13:19"
"33,000000";"748,000000";"8,000000";"RETOMA";"28/01/2008 13:23"
"34,000000";"766,000000";"8,000000";"RETOMA";"28/01/2008 13:23"
"35,000000";"749,000000";"9,000000";"RETOMA";"28/01/2008 13:23"
"36,000000";"769,000000";"9,000000";"RETOMA";"28/01/2008 13:23"
"37,000000";"750,000000";"10,000000";"RETOMA";"28/01/2008 13:24"
"38,000000";"770,000000";"10,000000";"RETOMA";"28/01/2008 13:24"
"42,000000";"1702,000000";"11,000000";"RETOMA";"28/01/2008 14:12"
"44,000000";"1757,000000";"11,000000";"RETOMA";"28/01/2008 14:12"
"45,000000";"1758,000000";"11,000000";"RETOMA";"28/01/2008 14:12"
"46,000000";"1759,000000";"11,000000";"RETOMA";"28/01/2008 14:12"
"47,000000";"1760,000000";"11,000000";"RETOMA";"28/01/2008 14:12"
"48,000000";"1763,000000";"11,000000";"RETOMA";"28/01/2008 14:12"
"50,000000";"1761,000000";"11,000000";"RETOMA";"28/01/2008 14:12"
"52,000000";"1765,000000";"11,000000";"RETOMA";"28/01/2008 14:12"
"53,000000";"1859,000000";"13,000000";"RETOMA";"28/01/2008 14:14"
"136,000000";"1688,000000";"5,000000";"RETOMA";"28/01/2008 14:29"
"137,000000";"1727,000000";"5,000000";"RETOMA";"28/01/2008 14:29"
"139,000000";"1861,000000";"5,000000";"RETOMA";"28/01/2008 14:29"
"142,000000";"1817,000000";"5,000000";"RETOMA";"28/01/2008 14:29"
"143,000000";"1818,000000";"5,000000";"RETOMA";"28/01/2008 14:29"
"144,000000";"1819,000000";"5,000000";"RETOMA";"28/01/2008 14:29"
"145,000000";"1820,000000";"5,000000";"RETOMA";"28/01/2008 14:29"
"146,000000";"1821,000000";"5,000000";"RETOMA";"28/01/2008 14:29"
"170,000000";"1737,000000";"8,000000";"RETOMA";"28/01/2008 14:32"
"172,000000";"1834,000000";"8,000000";"RETOMA";"28/01/2008 14:32"
"173,000000";"1835,000000";"8,000000";"RETOMA";"28/01/2008 14:32"
"174,000000";"1691,000000";"9,000000";"RETOMA";"28/01/2008 14:33"
"175,000000";"1692,000000";"9,000000";"RETOMA";"28/01/2008 14:33"
"177,000000";"1740,000000";"9,000000";"RETOMA";"28/01/2008 14:33"
"178,000000";"1836,000000";"9,000000";"RETOMA";"28/01/2008 14:33"
"179,000000";"1837,000000";"9,000000";"RETOMA";"28/01/2008 14:33"
"180,000000";"1840,000000";"9,000000";"RETOMA";"28/01/2008 14:33"
"181,000000";"1839,000000";"9,000000";"RETOMA";"28/01/2008 14:33"
"183,000000";"1842,000000";"9,000000";"RETOMA";"28/01/2008 14:33"
"185,000000";"1843,000000";"9,000000";"RETOMA";"28/01/2008 14:33"
"187,000000";"1695,000000";"10,000000";"RETOMA";"28/01/2008 14:34"
"188,000000";"1741,000000";"10,000000";"RETOMA";"28/01/2008 14:34"
"189,000000";"1742,000000";"10,000000";"RETOMA";"28/01/2008 14:34"
"190,000000";"1743,000000";"10,000000";"RETOMA";"28/01/2008 14:34"
"191,000000";"1745,000000";"10,000000";"RETOMA";"28/01/2008 14:34"
"192,000000";"1744,000000";"10,000000";"RETOMA";"28/01/2008 14:34"
"193,000000";"1746,000000";"10,000000";"RETOMA";"28/01/2008 14:34"
"194,000000";"1844,000000";"10,000000";"RETOMA";"28/01/2008 14:34"
"203,000000";"1877,000000";"11,000000";"RETOMA";"19/02/2008 09:09"
"206,000000";"1879,000000";"10,000000";"RETOMA";"27/02/2008 08:57"
"207,000000";"1880,000000";"10,000000";"RETOMA";"27/02/2008 08:57"
"220,000000";"1901,000000";"5,000000";"RETOMA";"20/03/2008 16:08"
"222,000000";"1904,000000";"8,000000";"RETOMA";"31/03/2008 14:52"
"233,000000";"848,000000";"24,000000";"RETOMA";"01/04/2008 16:40"
"234,000000";"849,000000";"24,000000";"RETOMA";"01/04/2008 16:40"
"235,000000";"850,000000";"24,000000";"RETOMA";"01/04/2008 16:40"
"236,000000";"851,000000";"24,000000";"RETOMA";"01/04/2008 16:40"
"237,000000";"867,000000";"24,000000";"RETOMA";"01/04/2008 16:40"
"238,000000";"934,000000";"24,000000";"RETOMA";"01/04/2008 16:40"
"239,000000";"935,000000";"24,000000";"RETOMA";"01/04/2008 16:40"
"240,000000";"868,000000";"24,000000";"RETOMA";"01/04/2008 16:40"
"241,000000";"869,000000";"24,000000";"RETOMA";"01/04/2008 16:40"
"242,000000";"870,000000";"24,000000";"RETOMA";"01/04/2008 16:40"
"243,000000";"852,000000";"24,000000";"RETOMA";"01/04/2008 16:40"
"244,000000";"853,000000";"24,000000";"RETOMA";"01/04/2008 16:40"
"245,000000";"847,000000";"24,000000";"RETOMA";"01/04/2008 16:40"
"250,000000";"1308,000000";"5,000000";"RETOMA";"02/04/2008 07:42"
"272,000000";"1527,000000";"5,000000";"RETOMA";"02/04/2008 16:17"
"274,000000";"1906,000000";"8,000000";"RETOMA";"03/04/2008 13:51"
"286,000000";"1921,000000";"11,000000";"RETOMA";"06/05/2008 08:50"
"290,000000";"1925,000000";"11,000000";"RETOMA";"13/05/2008 11:16"
"292,000000";"1923,000000";"5,000000";"RETOMA";"13/05/2008 11:17"
"294,000000";"1928,000000";"11,000000";"RETOMA";"26/05/2008 15:21"
"298,000000";"1929,000000";"5,000000";"RETOMA";"27/05/2008 09:25"
"299,000000";"1934,000000";"8,000000";"RETOMA";"29/05/2008 15:59"
"302,000000";"1940,000000";"11,000000";"RETOMA";"09/06/2008 08:42"
"305,000000";"1942,000000";"9,000000";"RETOMA";"09/06/2008 08:44"
"312,000000";"1949,000000";"11,000000";"RETOMA";"17/06/2008 09:12"
"315,000000";"1945,000000";"5,000000";"RETOMA";"17/06/2008 09:14"
"317,000000";"1950,000000";"9,000000";"RETOMA";"17/06/2008 09:15"
"319,000000";"1952,000000";"11,000000";"RETOMA";"17/06/2008 15:08"
"324,000000";"1956,000000";"5,000000";"RETOMA";"19/06/2008 13:54"
"325,000000";"1963,000000";"11,000000";"RETOMA";"19/06/2008 14:43"
"328,000000";"1960,000000";"10,000000";"RETOMA";"19/06/2008 14:44"
"333,000000";"1969,000000";"8,000000";"RETOMA";"20/06/2008 16:05"
"349,000000";"1985,000000";"5,000000";"RETOMA";"03/07/2008 15:51"
"353,000000";"1995,000000";"11,000000";"RETOMA";"14/07/2008 13:37"
"356,000000";"1992,000000";"10,000000";"RETOMA";"15/07/2008 09:47"
"357,000000";"1991,000000";"9,000000";"RETOMA";"15/07/2008 09:47"
"360,000000";"2002,000000";"8,000000";"RETOMA";"24/07/2008 10:25"
"363,000000";"2000,000000";"5,000000";"RETOMA";"25/07/2008 16:25"
"375,000000";"2018,000000";"9,000000";"RETOMA";"01/08/2008 08:00"
"379,000000";"2033,000000";"8,000000";"RETOMA";"12/08/2008 15:16"
"380,000000";"2032,000000";"9,000000";"RETOMA";"12/08/2008 15:16"
"382,000000";"2044,000000";"8,000000";"RETOMA";"19/08/2008 09:28"
"383,000000";"2045,000000";"9,000000";"RETOMA";"21/08/2008 16:15"
"385,000000";"2062,000000";"11,000000";"RETOMA";"01/09/2008 08:46"
"389,000000";"2067,000000";"10,000000";"RETOMA";"05/09/2008 15:21"
"397,000000";"2077,000000";"11,000000";"RETOMA";"16/09/2008 10:47"
"400,000000";"2082,000000";"9,000000";"RETOMA";"23/09/2008 08:22"
"401,000000";"2085,000000";"9,000000";"RETOMA";"26/09/2008 10:40"
"410,000000";"2095,000000";"8,000000";"RETOMA";"08/10/2008 09:58"
"440,000000";"2111,000000";"8,000000";"RETOMA";"10/11/2008 14:05"
"442,000000";"2107,000000";"5,000000";"RETOMA";"10/11/2008 14:07"
"443,000000";"2108,000000";"5,000000";"RETOMA";"10/11/2008 14:07"
"444,000000";"2114,000000";"9,000000";"RETOMA";"10/11/2008 14:11"
"446,000000";"2109,000000";"8,000000";"RETOMA";"11/11/2008 09:37"
"456,000000";"2128,000000";"10,000000";"RETOMA";"09/12/2008 08:25"
"458,000000";"2130,000000";"11,000000";"RETOMA";"12/12/2008 11:25"
"462,000000";"2138,000000";"9,000000";"RETOMA";"26/01/2009 09:31"
"463,000000";"2139,000000";"9,000000";"RETOMA";"26/01/2009 09:31"
"467,000000";"2147,000000";"9,000000";"RETOMA";"04/02/2009 08:48"
"473,000000";"2078,000000";"9,000000";"RETOMA";"12/02/2009 16:23"
"482,000000";"2159,000000";"11,000000";"RETOMA";"10/03/2009 16:17"
"484,000000";"2160,000000";"9,000000";"RETOMA";"10/03/2009 16:23"
"526,000000";"2134,000000";"5,000000";"RETOMA";"09/04/2009 09:23"
"527,000000";"2191,000000";"11,000000";"RETOMA";"28/04/2009 10:23"
"530,000000";"2194,000000";"11,000000";"RETOMA";"04/05/2009 11:23"
"535,000000";"2199,000000";"5,000000";"RETOMA";"11/05/2009 11:31"
"541,000000";"2200,000000";"11,000000";"RETOMA";"12/05/2009 14:03"
"546,000000";"2215,000000";"11,000000";"RETOMA";"20/05/2009 11:01"
"547,000000";"2214,000000";"5,000000";"RETOMA";"20/05/2009 11:02"
"548,000000";"2213,000000";"5,000000";"RETOMA";"20/05/2009 11:02"
"549,000000";"2225,000000";"9,000000";"RETOMA";"05/06/2009 15:54"
"550,000000";"2226,000000";"10,000000";"RETOMA";"05/06/2009 15:54"
"551,000000";"2227,000000";"11,000000";"RETOMA";"05/06/2009 15:54"
"557,000000";"1747,000000";"8,000000";"RETOMA";"08/06/2009 09:17"
"558,000000";"1846,000000";"8,000000";"RETOMA";"08/06/2009 09:17"
"559,000000";"783,000000";"8,000000";"RETOMA";"08/06/2009 09:18"
"560,000000";"1872,000000";"8,000000";"RETOMA";"08/06/2009 09:20"
"561,000000";"1747,000000";"5,000000";"RETOMA";"08/06/2009 09:23"
"562,000000";"1846,000000";"5,000000";"RETOMA";"08/06/2009 09:23"
"563,000000";"783,000000";"5,000000";"RETOMA";"08/06/2009 09:23"
"564,000000";"1872,000000";"5,000000";"RETOMA";"08/06/2009 09:24"
"565,000000";"1747,000000";"10,000000";"RETOMA";"08/06/2009 09:24"
"566,000000";"1846,000000";"10,000000";"RETOMA";"08/06/2009 09:24"
"567,000000";"783,000000";"10,000000";"RETOMA";"08/06/2009 09:25"
"568,000000";"1872,000000";"10,000000";"RETOMA";"08/06/2009 09:25"
"581,000000";"2238,000000";"11,000000";"RETOMA";"18/06/2009 10:37"
"586,000000";"2243,000000";"9,000000";"RETOMA";"22/06/2009 09:23"
"589,000000";"2251,000000";"10,000000";"RETOMA";"01/07/2009 15:02"
"590,000000";"2254,000000";"11,000000";"RETOMA";"02/07/2009 09:16"
"600,000000";"2259,000000";"8,000000";"RETOMA";"08/07/2009 09:33"
"604,000000";"2269,000000";"9,000000";"RETOMA";"20/07/2009 09:52"
"607,000000";"2287,000000";"8,000000";"RETOMA";"10/08/2009 14:46"
"608,000000";"2283,000000";"8,000000";"RETOMA";"10/08/2009 14:46"
"609,000000";"2284,000000";"8,000000";"RETOMA";"10/08/2009 14:46"
"610,000000";"2286,000000";"8,000000";"RETOMA";"10/08/2009 14:46"
"611,000000";"2285,000000";"8,000000";"RETOMA";"10/08/2009 14:46"
"613,000000";"2289,000000";"9,000000";"RETOMA";"10/08/2009 14:47"
"615,000000";"2291,000000";"11,000000";"RETOMA";"10/08/2009 14:49"
"616,000000";"2292,000000";"5,000000";"RETOMA";"10/08/2009 14:50"
"617,000000";"2293,000000";"10,000000";"RETOMA";"13/08/2009 10:20"
"626,000000";"2299,000000";"11,000000";"RETOMA";"31/08/2009 09:08"
"636,000000";"2310,000000";"9,000000";"RETOMA";"04/09/2009 10:53"
"640,000000";"2319,000000";"11,000000";"RETOMA";"18/09/2009 08:57"
"643,000000";"2320,000000";"9,000000";"RETOMA";"22/09/2009 10:40"
"653,000000";"2123,000000";"11,000000";"RETOMA";"14/10/2009 09:57"
"654,000000";"2275,000000";"11,000000";"RETOMA";"20/10/2009 16:45"
"655,000000";"2343,000000";"14,000000";"RETOMA";"28/10/2009 09:00"
"658,000000";"2333,000000";"10,000000";"RETOMA";"06/11/2009 09:37"
"669,000000";"2372,000000";"9,000000";"RETOMA";"02/02/2010 16:14"
"670,000000";"2371,000000";"10,000000";"RETOMA";"02/02/2010 16:14"
"675,000000";"2377,000000";"8,000000";"RETOMA";"10/02/2010 14:09"
"680,000000";"2384,000000";"11,000000";"RETOMA";"22/02/2010 15:59"
"683,000000";"2387,000000";"8,000000";"RETOMA";"01/03/2010 09:37"
"696,000000";"2415,000000";"11,000000";"RETOMA";"19/04/2010 09:48"
"697,000000";"2419,000000";"11,000000";"RETOMA";"19/04/2010 09:48"
"706,000000";"2125,000000";"11,000000";"RETOMA";"27/04/2010 15:30"
"716,000000";"2441,000000";"11,000000";"RETOMA";"17/05/2010 11:26"
"722,000000";"2448,000000";"9,000000";"RETOMA";"11/06/2010 14:27"
"724,000000";"2449,000000";"8,000000";"RETOMA";"14/06/2010 14:12"
"728,000000";"2454,000000";"8,000000";"RETOMA";"24/06/2010 10:01"
"729,000000";"2456,000000";"11,000000";"RETOMA";"30/06/2010 10:13"
"734,000000";"2458,000000";"10,000000";"RETOMA";"30/06/2010 10:17"
"747,000000";"1303,000000";"8,000000";"RETOMA";"20/07/2010 15:06"
"748,000000";"1305,000000";"8,000000";"RETOMA";"20/07/2010 15:06"
"749,000000";"2470,000000";"8,000000";"RETOMA";"20/07/2010 15:06"
"750,000000";"1304,000000";"8,000000";"RETOMA";"20/07/2010 15:06"
"751,000000";"1302,000000";"8,000000";"RETOMA";"20/07/2010 15:06"
"752,000000";"2473,000000";"11,000000";"RETOMA";"21/07/2010 14:52"
"753,000000";"2472,000000";"11,000000";"RETOMA";"21/07/2010 14:52"
"754,000000";"2474,000000";"11,000000";"RETOMA";"21/07/2010 14:52"
"760,000000";"2492,000000";"8,000000";"RETOMA";"11/08/2010 16:08"
"769,000000";"2512,000000";"8,000000";"RETOMA";"10/09/2010 14:15"
"776,000000";"2520,000000";"8,000000";"RETOMA";"15/09/2010 09:56"
"824,000000";"2566,000000";"8,000000";"NUNO";"12/11/2010 15:38"
"827,000000";"2568,000000";"11,000000";"NUNO";"17/11/2010 09:07"
"829,000000";"2570,000000";"9,000000";"NUNO";"19/11/2010 09:00"
"831,000000";"2572,000000";"8,000000";"NUNO";"23/11/2010 14:11"
"846,000000";"2585,000000";"9,000000";"NUNO";"13/01/2011 08:11"
"847,000000";"2586,000000";"11,000000";"NUNO";"13/01/2011 08:11"
"859,000000";"2597,000000";"8,000000";"RETOMA";"01/02/2011 09:28"
"861,000000";"2605,000000";"11,000000";"RETOMA";"04/02/2011 14:00"
"863,000000";"2603,000000";"8,000000";"RETOMA";"04/02/2011 14:01"
"864,000000";"2602,000000";"9,000000";"RETOMA";"04/02/2011 14:02"
"867,000000";"742,000000";"60,000000";"RETOMA";"15/02/2011 14:34"
"868,000000";"761,000000";"60,000000";"RETOMA";"15/02/2011 14:34"
"869,000000";"2350,000000";"60,000000";"RETOMA";"15/02/2011 14:35"
"870,000000";"2569,000000";"60,000000";"RETOMA";"15/02/2011 14:35"
"871,000000";"1858,000000";"60,000000";"RETOMA";"15/02/2011 14:35"
"872,000000";"2608,000000";"60,000000";"RETOMA";"15/02/2011 14:35"
"873,000000";"2576,000000";"60,000000";"RETOMA";"15/02/2011 14:35"
"874,000000";"2485,000000";"60,000000";"RETOMA";"15/02/2011 14:35"
"875,000000";"2546,000000";"60,000000";"RETOMA";"15/02/2011 14:35"
"876,000000";"2588,000000";"60,000000";"RETOMA";"15/02/2011 14:35"
"877,000000";"2563,000000";"60,000000";"RETOMA";"15/02/2011 14:35"
"878,000000";"2339,000000";"60,000000";"RETOMA";"15/02/2011 14:35"
"879,000000";"2578,000000";"60,000000";"RETOMA";"15/02/2011 14:35"
"880,000000";"2301,000000";"60,000000";"RETOMA";"15/02/2011 14:35"
"881,000000";"2307,000000";"60,000000";"RETOMA";"15/02/2011 14:35"
"882,000000";"2528,000000";"60,000000";"RETOMA";"15/02/2011 14:35"
"883,000000";"2348,000000";"60,000000";"RETOMA";"15/02/2011 14:35"
"884,000000";"2359,000000";"60,000000";"RETOMA";"15/02/2011 14:35"
"885,000000";"2351,000000";"60,000000";"RETOMA";"15/02/2011 14:35"
"886,000000";"1766,000000";"60,000000";"RETOMA";"15/02/2011 14:35"
"887,000000";"1683,000000";"60,000000";"RETOMA";"15/02/2011 14:35"
"888,000000";"2153,000000";"60,000000";"RETOMA";"15/02/2011 14:35"
"889,000000";"2155,000000";"60,000000";"RETOMA";"15/02/2011 14:35"
"890,000000";"1854,000000";"60,000000";"RETOMA";"15/02/2011 14:35"
"891,000000";"2288,000000";"60,000000";"RETOMA";"15/02/2011 14:35"
"892,000000";"2502,000000";"60,000000";"RETOMA";"15/02/2011 14:35"
"893,000000";"2090,000000";"60,000000";"RETOMA";"15/02/2011 14:35"
"894,000000";"2167,000000";"60,000000";"RETOMA";"15/02/2011 14:35"
"895,000000";"2382,000000";"60,000000";"RETOMA";"15/02/2011 14:35"
"896,000000";"1767,000000";"60,000000";"RETOMA";"15/02/2011 14:35"
"897,000000";"1768,000000";"60,000000";"RETOMA";"15/02/2011 14:35"
"898,000000";"1703,000000";"60,000000";"RETOMA";"15/02/2011 14:35"
"899,000000";"2129,000000";"60,000000";"RETOMA";"15/02/2011 14:35"
"900,000000";"2386,000000";"60,000000";"RETOMA";"15/02/2011 14:35"
"901,000000";"1704,000000";"60,000000";"RETOMA";"15/02/2011 14:35"
"902,000000";"1926,000000";"60,000000";"RETOMA";"15/02/2011 14:35"
"903,000000";"2395,000000";"60,000000";"RETOMA";"15/02/2011 14:36"
"904,000000";"1708,000000";"60,000000";"RETOMA";"15/02/2011 14:37"
"905,000000";"1778,000000";"60,000000";"RETOMA";"15/02/2011 14:37"
"912,000000";"2624,000000";"9,000000";"RETOMA";"25/02/2011 09:37"
"913,000000";"2625,000000";"8,000000";"RETOMA";"25/02/2011 09:38"
"916,000000";"2631,000000";"9,000000";"RETOMA";"03/03/2011 09:20"
"920,000000";"738,000000";"61,000000";"RETOMA";"15/03/2011 11:02"
"921,000000";"757,000000";"61,000000";"RETOMA";"15/03/2011 11:03"
"1300,000000";"2650,000000";"9,000000";"RETOMA";"30/03/2011 14:50"
"1301,000000";"2651,000000";"9,000000";"RETOMA";"30/03/2011 14:50"
"1312,000000";"1298,000000";"9,000000";"RETOMA";"11/04/2011 16:51"
"1313,000000";"1529,000000";"9,000000";"RETOMA";"11/04/2011 16:51"
"1314,000000";"1298,000000";"11,000000";"RETOMA";"11/04/2011 16:52"
"1315,000000";"1529,000000";"11,000000";"RETOMA";"11/04/2011 16:52"
"1321,000000";"1916,000000";"60,000000";"RETOMA";"14/04/2011 16:27"
"1322,000000";"1298,000000";"60,000000";"RETOMA";"14/04/2011 16:27"
"1323,000000";"1529,000000";"60,000000";"RETOMA";"14/04/2011 16:27"
"1328,000000";"2669,000000";"11,000000";"RETOMA";"03/05/2011 16:44"
"1332,000000";"2689,000000";"10,000000";"RETOMA";"13/05/2011 11:10"
"1335,000000";"2686,000000";"11,000000";"RETOMA";"13/05/2011 11:11"
"1340,000000";"2692,000000";"9,000000";"NUNO";"17/05/2011 16:21"
"1342,000000";"2693,000000";"11,000000";"RETOMA";"20/05/2011 14:35"
"1387,000000";"2708,000000";"11,000000";"RETOMA";"31/05/2011 15:53"
"1395,000000";"2722,000000";"8,000000";"NUNO";"08/06/2011 10:20"
"1396,000000";"2724,000000";"60,000000";"RETOMA";"09/06/2011 14:11"
"1401,000000";"2741,000000";"11,000000";"RETOMA";"27/06/2011 09:02"
"1406,000000";"2752,000000";"11,000000";"NUNO";"05/07/2011 16:26"
"1407,000000";"2753,000000";"10,000000";"RETOMA";"06/07/2011 14:33"
"1408,000000";"2755,000000";"9,000000";"RETOMA";"13/07/2011 10:01"
"1413,000000";"2763,000000";"11,000000";"RETOMA";"13/07/2011 10:06"
"1414,000000";"2760,000000";"11,000000";"RETOMA";"13/07/2011 10:06"
"1415,000000";"2762,000000";"11,000000";"RETOMA";"13/07/2011 10:06"
"1416,000000";"2764,000000";"11,000000";"RETOMA";"13/07/2011 10:06"
"1417,000000";"2765,000000";"11,000000";"RETOMA";"13/07/2011 10:06"
"1418,000000";"2761,000000";"11,000000";"RETOMA";"13/07/2011 10:06"
"1419,000000";"2767,000000";"5,000000";"NUNO";"14/07/2011 14:10"
"1420,000000";"2768,000000";"11,000000";"NUNO";"14/07/2011 14:11"
"1437,000000";"2783,000000";"9,000000";"RETOMA";"09/08/2011 11:06"
"1442,000000";"2787,000000";"8,000000";"RETOMA";"15/08/2011 14:26"
"1443,000000";"2789,000000";"11,000000";"RETOMA";"16/08/2011 14:31"
"1444,000000";"2788,000000";"5,000000";"RETOMA";"16/08/2011 14:31"
"1446,000000";"2792,000000";"8,000000";"RETOMA";"18/08/2011 09:06"
"1458,000000";"2811,000000";"9,000000";"RETOMA";"30/08/2011 11:48"
"1459,000000";"2480,000000";"11,000000";"RETOMA";"30/08/2011 11:48"
"1460,000000";"2807,000000";"11,000000";"RETOMA";"30/08/2011 11:48"
"1461,000000";"2814,000000";"11,000000";"RETOMA";"31/08/2011 11:31"
"1473,000000";"2820,000000";"11,000000";"RETOMA";"19/09/2011 14:23"
"1474,000000";"2822,000000";"11,000000";"RETOMA";"19/09/2011 14:23"
"1475,000000";"2823,000000";"11,000000";"RETOMA";"19/09/2011 14:23"
"1476,000000";"2821,000000";"11,000000";"RETOMA";"19/09/2011 14:23"
"1481,000000";"2820,000000";"9,000000";"RETOMA";"19/09/2011 14:23"
"1482,000000";"2822,000000";"9,000000";"RETOMA";"19/09/2011 14:23"
"1483,000000";"2823,000000";"9,000000";"RETOMA";"19/09/2011 14:23"
"1484,000000";"2821,000000";"9,000000";"RETOMA";"19/09/2011 14:23"
"1485,000000";"2820,000000";"15,000000";"RETOMA";"19/09/2011 14:24"
"1486,000000";"2822,000000";"15,000000";"RETOMA";"19/09/2011 14:24"
"1487,000000";"2823,000000";"15,000000";"RETOMA";"19/09/2011 14:24"
"1488,000000";"2821,000000";"15,000000";"RETOMA";"19/09/2011 14:24"
"1505,000000";"2820,000000";"5,000000";"RETOMA";"19/09/2011 14:31"
"1506,000000";"2822,000000";"5,000000";"RETOMA";"19/09/2011 14:31"
"1507,000000";"2823,000000";"5,000000";"RETOMA";"19/09/2011 14:31"
"1508,000000";"2821,000000";"5,000000";"RETOMA";"19/09/2011 14:31"
"1509,000000";"2820,000000";"10,000000";"RETOMA";"19/09/2011 14:31"
"1510,000000";"2822,000000";"10,000000";"RETOMA";"19/09/2011 14:31"
"1511,000000";"2823,000000";"10,000000";"RETOMA";"19/09/2011 14:31"
"1512,000000";"2821,000000";"10,000000";"RETOMA";"19/09/2011 14:31"
"1513,000000";"2820,000000";"14,000000";"RETOMA";"19/09/2011 14:32"
"1514,000000";"2822,000000";"14,000000";"RETOMA";"19/09/2011 14:32"
"1515,000000";"2823,000000";"14,000000";"RETOMA";"19/09/2011 14:32"
"1516,000000";"2821,000000";"14,000000";"RETOMA";"19/09/2011 14:32"
"1521,000000";"2820,000000";"8,000000";"RETOMA";"19/09/2011 14:33"
"1522,000000";"2822,000000";"8,000000";"RETOMA";"19/09/2011 14:33"
"1523,000000";"2823,000000";"8,000000";"RETOMA";"19/09/2011 14:33"
"1524,000000";"2821,000000";"8,000000";"RETOMA";"19/09/2011 14:33"
"1573,000000";"2825,000000";"11,000000";"NUNO";"21/09/2011 15:05"
"1627,000000";"2833,000000";"9,000000";"RETOMA";"29/09/2011 13:49"
"1632,000000";"2835,000000";"11,000000";"RETOMA";"03/10/2011 11:08"
"1633,000000";"2838,000000";"11,000000";"RETOMA";"03/10/2011 11:08"
"1634,000000";"2840,000000";"11,000000";"RETOMA";"03/10/2011 11:08"
"1635,000000";"2839,000000";"8,000000";"RETOMA";"03/10/2011 11:09"
"1653,000000";"2810,000000";"60,000000";"RETOMA";"11/10/2011 14:16"
"1654,000000";"2812,000000";"60,000000";"RETOMA";"11/10/2011 14:16"
"1671,000000";"2880,000000";"9,000000";"NUNO";"07/11/2011 15:00"
"1672,000000";"2878,000000";"9,000000";"NUNO";"07/11/2011 15:00"
"1678,000000";"2744,000000";"10,000000";"RETOMA";"17/11/2011 12:56"
"1679,000000";"1995,000000";"69,000000";"RETOMA";"23/11/2011 08:01"
"1680,000000";"1708,000000";"69,000000";"RETOMA";"23/11/2011 08:01"
"1681,000000";"1718,000000";"69,000000";"RETOMA";"23/11/2011 08:01"
"1682,000000";"1726,000000";"69,000000";"RETOMA";"23/11/2011 08:01"
"1683,000000";"1765,000000";"69,000000";"RETOMA";"23/11/2011 08:03"
"1684,000000";"1799,000000";"69,000000";"RETOMA";"23/11/2011 08:03"
"1685,000000";"1815,000000";"69,000000";"RETOMA";"23/11/2011 08:03"
"1686,000000";"1778,000000";"69,000000";"RETOMA";"23/11/2011 08:04"
"1687,000000";"1747,000000";"69,000000";"RETOMA";"23/11/2011 08:32"
"1688,000000";"1846,000000";"69,000000";"RETOMA";"23/11/2011 08:32"
"1693,000000";"2891,000000";"11,000000";"RETOMA";"30/11/2011 13:29"
"1700,000000";"2898,000000";"11,000000";"RETOMA";"05/12/2011 08:39"
"1701,000000";"2897,000000";"11,000000";"RETOMA";"05/12/2011 08:39"
"1702,000000";"2903,000000";"5,000000";"RETOMA";"06/12/2011 08:51"
"1707,000000";"2905,000000";"60,000000";"RETOMA";"08/12/2011 12:42"
"1711,000000";"2834,000000";"11,000000";"RETOMA";"21/12/2011 07:54"
"1714,000000";"2912,000000";"9,000000";"NUNO";"12/01/2012 08:51"
"1717,000000";"2916,000000";"9,000000";"NUNO";"17/01/2012 15:46"
"1723,000000";"2927,000000";"69,000000";"NUNO";"23/01/2012 13:09"
"1732,000000";"2871,000000";"60,000000";"RETOMA";"31/01/2012 08:59"
"1754,000000";"2931,000000";"9,000000";"RETOMA";"07/02/2012 08:34"
"1755,000000";"2301,000000";"24,000000";"RETOMA";"14/02/2012 10:03"
"1757,000000";"2936,000000";"11,000000";"RETOMA";"15/02/2012 09:32"
"1765,000000";"2946,000000";"60,000000";"NUNO";"01/03/2012 13:29"
"1771,000000";"2956,000000";"60,000000";"RETOMA";"08/03/2012 15:50"
"1807,000000";"2960,000000";"60,000000";"NUNO";"14/03/2012 10:37"
"1820,000000";"2968,000000";"8,000000";"RETOMA";"26/03/2012 10:41"
"1821,000000";"2971,000000";"60,000000";"RETOMA";"28/03/2012 14:11"
"1823,000000";"2977,000000";"8,000000";"RETOMA";"02/04/2012 10:03"
"1825,000000";"2975,000000";"60,000000";"RETOMA";"02/04/2012 10:04"
"1826,000000";"2974,000000";"11,000000";"RETOMA";"02/04/2012 10:05"
"1829,000000";"2980,000000";"9,000000";"RETOMA";"10/04/2012 10:35"
"1831,000000";"2984,000000";"11,000000";"RETOMA";"11/04/2012 10:38"
"1832,000000";"2983,000000";"11,000000";"RETOMA";"11/04/2012 10:38"
"1839,000000";"2992,000000";"11,000000";"RETOMA";"23/04/2012 13:33"
"1840,000000";"2993,000000";"60,000000";"RETOMA";"23/04/2012 13:48"
"1845,000000";"3004,000000";"10,000000";"RETOMA";"26/04/2012 16:36"
"1887,000000";"3010,000000";"60,000000";"RETOMA";"04/05/2012 15:25"
"1889,000000";"3012,000000";"9,000000";"RETOMA";"09/05/2012 08:56"
"1894,000000";"3015,000000";"9,000000";"RETOMA";"14/05/2012 10:55"
"1895,000000";"3016,000000";"10,000000";"RETOMA";"14/05/2012 11:06"
"1897,000000";"3018,000000";"11,000000";"RETOMA";"14/05/2012 14:01"
"1900,000000";"3021,000000";"60,000000";"RETOMA";"14/05/2012 14:02"
"1901,000000";"737,000000";"88,000000";"RETOMA";"15/05/2012 10:40"
"1902,000000";"756,000000";"88,000000";"RETOMA";"15/05/2012 10:40"
"1944,000000";"3025,000000";"9,000000";"NUNO";"22/05/2012 09:06"
"1945,000000";"3024,000000";"11,000000";"NUNO";"22/05/2012 09:06"
"1946,000000";"3027,000000";"11,000000";"RETOMA";"23/05/2012 09:47"
"1952,000000";"3035,000000";"8,000000";"RETOMA";"28/05/2012 16:30"
"1954,000000";"3033,000000";"60,000000";"RETOMA";"28/05/2012 16:31"
"1958,000000";"3042,000000";"60,000000";"RETOMA";"04/06/2012 09:42"
"1959,000000";"3041,000000";"8,000000";"RETOMA";"04/06/2012 09:43"
"1978,000000";"3057,000000";"11,000000";"NUNO";"15/06/2012 16:34"
"1984,000000";"3061,000000";"8,000000";"RETOMA";"26/06/2012 14:52"
"1986,000000";"3065,000000";"11,000000";"RETOMA";"26/06/2012 14:53"
"1990,000000";"3068,000000";"9,000000";"RETOMA";"26/06/2012 14:58"
"1991,000000";"3063,000000";"9,000000";"RETOMA";"26/06/2012 14:58"
"1992,000000";"3071,000000";"9,000000";"RETOMA";"26/06/2012 15:34"
"1993,000000";"3070,000000";"5,000000";"RETOMA";"26/06/2012 15:34"
"2000,000000";"3074,000000";"11,000000";"RETOMA";"28/06/2012 14:10"
"2003,000000";"3079,000000";"5,000000";"RETOMA";"28/06/2012 14:14"
"2006,000000";"3080,000000";"5,000000";"RETOMA";"29/06/2012 10:18"
"2008,000000";"3083,000000";"9,000000";"RETOMA";"04/07/2012 13:43"
"2014,000000";"3092,000000";"60,000000";"RETOMA";"04/07/2012 13:51"
"2015,000000";"3093,000000";"60,000000";"RETOMA";"04/07/2012 13:51"
"2016,000000";"3094,000000";"60,000000";"RETOMA";"04/07/2012 13:51"
"2022,000000";"3099,000000";"5,000000";"RETOMA";"10/07/2012 15:30"
"2027,000000";"3105,000000";"8,000000";"NUNO";"17/07/2012 15:11"
"2028,000000";"3106,000000";"9,000000";"RETOMA";"18/07/2012 10:06"
"2029,000000";"3107,000000";"10,000000";"NUNO";"18/07/2012 14:52"
"2031,000000";"3109,000000";"60,000000";"RETOMA";"19/07/2012 14:44"
"2035,000000";"3118,000000";"60,000000";"RETOMA";"02/08/2012 14:00"
"2048,000000";"3131,000000";"60,000000";"RETOMA";"10/08/2012 11:29"
"2050,000000";"3134,000000";"60,000000";"RETOMA";"15/08/2012 09:42"
"2054,000000";"3139,000000";"11,000000";"NUNO";"21/08/2012 13:48"
"2056,000000";"3141,000000";"11,000000";"NUNO";"21/08/2012 13:50"
"2065,000000";"3150,000000";"9,000000";"NUNO";"21/08/2012 13:56"
"2066,000000";"3157,000000";"9,000000";"RETOMA";"23/08/2012 10:03"
"2067,000000";"3159,000000";"8,000000";"RETOMA";"28/08/2012 10:05"
"2136,000000";"3177,000000";"60,000000";"RETOMA";"17/09/2012 11:25"
"2137,000000";"3179,000000";"60,000000";"RETOMA";"19/09/2012 15:04"
"2138,000000";"3181,000000";"11,000000";"RETOMA";"20/09/2012 09:59"
"2139,000000";"3180,000000";"60,000000";"RETOMA";"20/09/2012 10:00"
"2142,000000";"3185,000000";"60,000000";"RETOMA";"28/09/2012 15:28"
"2143,000000";"3184,000000";"9,000000";"RETOMA";"28/09/2012 15:29"
"2148,000000";"3189,000000";"11,000000";"RETOMA";"02/10/2012 16:04"
"2155,000000";"3199,000000";"9,000000";"RETOMA";"10/10/2012 09:31"
"2156,000000";"3201,000000";"60,000000";"RETOMA";"11/10/2012 09:21"
"2160,000000";"3207,000000";"9,000000";"RETOMA";"24/10/2012 10:20"
"2162,000000";"3205,000000";"60,000000";"RETOMA";"24/10/2012 10:21"
"2166,000000";"3211,000000";"60,000000";"NUNO";"30/10/2012 10:08"
"2167,000000";"3212,000000";"60,000000";"NUNO";"30/10/2012 10:08"
"2168,000000";"3213,000000";"60,000000";"NUNO";"30/10/2012 10:08"
"2171,000000";"3219,000000";"9,000000";"RETOMA";"31/10/2012 14:37"
"2172,000000";"3217,000000";"8,000000";"RETOMA";"31/10/2012 14:41"
"2173,000000";"3216,000000";"5,000000";"RETOMA";"31/10/2012 14:42"
"2174,000000";"3220,000000";"60,000000";"RETOMA";"31/10/2012 14:44"
"2181,000000";"751,000000";"91,000000";"RETOMA";"23/11/2012 15:43"
"2182,000000";"771,000000";"91,000000";"RETOMA";"23/11/2012 15:44"
"2183,000000";"1748,000000";"91,000000";"RETOMA";"23/11/2012 15:44"
"2184,000000";"1848,000000";"91,000000";"RETOMA";"23/11/2012 15:44"
"2185,000000";"1850,000000";"91,000000";"RETOMA";"23/11/2012 15:44"
"2186,000000";"3238,000000";"91,000000";"RETOMA";"27/11/2012 13:51"
"2191,000000";"3232,000000";"11,000000";"RETOMA";"27/11/2012 13:55"
"2192,000000";"3233,000000";"11,000000";"RETOMA";"27/11/2012 13:55"
"2194,000000";"3240,000000";"11,000000";"RETOMA";"27/11/2012 17:17"
"2195,000000";"3241,000000";"11,000000";"RETOMA";"27/11/2012 17:17"
"2196,000000";"3242,000000";"11,000000";"RETOMA";"27/11/2012 17:17"
"2199,000000";"3245,000000";"60,000000";"RETOMA";"04/12/2012 09:46"
"2200,000000";"3246,000000";"11,000000";"RETOMA";"06/12/2012 10:13"
"2201,000000";"3247,000000";"11,000000";"RETOMA";"06/12/2012 10:13"
"2203,000000";"2717,000000";"9,000000";"RETOMA";"07/12/2012 10:25"
"2206,000000";"3255,000000";"8,000000";"NUNO";"15/01/2013 08:53"
"2208,000000";"3257,000000";"60,000000";"NUNO";"15/01/2013 08:54"
"2220,000000";"3263,000000";"60,000000";"ALE_VIOTTO";"23/01/2013 10:52"
"2221,000000";"3264,000000";"60,000000";"ALE_VIOTTO";"23/01/2013 10:52"
"2223,000000";"3266,000000";"9,000000";"ALE_VIOTTO";"23/01/2013 10:53"
"2229,000000";"3205,000000";"24,000000";"RETOMA";"01/02/2013 13:59"
"2230,000000";"3245,000000";"24,000000";"RETOMA";"01/02/2013 13:59"
"2235,000000";"3279,000000";"9,000000";"NUNO";"07/02/2013 16:29"
"2236,000000";"3277,000000";"9,000000";"NUNO";"07/02/2013 16:29"
"2239,000000";"3283,000000";"8,000000";"RETOMA";"15/02/2013 14:53"
"2241,000000";"3292,000000";"60,000000";"RETOMA";"20/02/2013 16:35"
"2254,000000";"3301,000000";"11,000000";"RETOMA";"27/02/2013 11:16"
"2262,000000";"3309,000000";"60,000000";"RETOMA";"12/03/2013 10:18"
"2263,000000";"3313,000000";"60,000000";"NUNO";"19/03/2013 14:19"
"2268,000000";"3230,000000";"60,000000";"RETOMA";"19/03/2013 15:53"
"2272,000000";"3324,000000";"60,000000";"RETOMA";"26/03/2013 14:32"
"2292,000000";"3352,000000";"8,000000";"RETOMA";"03/05/2013 15:34"
"2293,000000";"3351,000000";"9,000000";"RETOMA";"03/05/2013 15:34"
"2307,000000";"3366,000000";"11,000000";"RETOMA";"14/05/2013 11:14"
"2308,000000";"3367,000000";"91,000000";"RETOMA";"15/05/2013 10:40"
"2313,000000";"3373,000000";"9,000000";"RETOMA";"21/05/2013 09:30"
"2315,000000";"3377,000000";"9,000000";"RETOMA";"29/05/2013 09:42"
"2318,000000";"3380,000000";"5,000000";"NUNO";"04/06/2013 10:52"
"2320,000000";"3383,000000";"8,000000";"RETOMA";"04/06/2013 16:20"
"2345,000000";"3408,000000";"60,000000";"RETOMA";"25/06/2013 15:57"
"2346,000000";"3409,000000";"60,000000";"RETOMA";"25/06/2013 15:57"
"2347,000000";"3407,000000";"60,000000";"RETOMA";"25/06/2013 15:57"
"2358,000000";"3396,000000";"8,000000";"RETOMA";"25/06/2013 16:01"
"2359,000000";"3395,000000";"9,000000";"RETOMA";"25/06/2013 16:01"
"2363,000000";"3412,000000";"8,000000";"RETOMA";"27/06/2013 10:17"
"2364,000000";"3413,000000";"8,000000";"RETOMA";"27/06/2013 10:17"
"2368,000000";"3415,000000";"10,000000";"RETOMA";"28/06/2013 11:44"
"2371,000000";"3419,000000";"11,000000";"RETOMA";"01/07/2013 10:31"
"2373,000000";"3422,000000";"9,000000";"RETOMA";"03/07/2013 09:27"
"2375,000000";"3424,000000";"11,000000";"RETOMA";"03/07/2013 15:47"
"2398,000000";"3394,000000";"8,000000";"NUNO";"22/07/2013 10:53"
"2413,000000";"3462,000000";"8,000000";"RETOMA";"08/08/2013 14:47"
"2415,000000";"3464,000000";"11,000000";"RETOMA";"12/08/2013 10:14"
"2418,000000";"3467,000000";"9,000000";"ALE_VIOTTO";"14/08/2013 10:11"
"2419,000000";"3468,000000";"60,000000";"NUNO";"21/08/2013 10:48"
"2424,000000";"3473,000000";"8,000000";"NUNO";"21/08/2013 13:35"
"2433,000000";"3490,000000";"5,000000";"NUNO";"03/09/2013 09:00"
"2435,000000";"3491,000000";"60,000000";"RETOMA";"03/09/2013 15:32"
"2436,000000";"3493,000000";"11,000000";"RETOMA";"05/09/2013 10:48"
"2437,000000";"3494,000000";"8,000000";"NUNO";"06/09/2013 15:29"
"2440,000000";"2716,000000";"11,000000";"RETOMA";"09/09/2013 10:06"
"2445,000000";"3501,000000";"10,000000";"RETOMA";"13/09/2013 16:17"
"2452,000000";"3505,000000";"9,000000";"RETOMA";"18/09/2013 14:30"
"2454,000000";"3508,000000";"8,000000";"RETOMA";"19/09/2013 15:22"
"2455,000000";"3518,000000";"5,000000";"RETOMA";"19/09/2013 15:23"
"2456,000000";"3507,000000";"11,000000";"RETOMA";"19/09/2013 15:24"
"2470,000000";"3525,000000";"5,000000";"ALE_VIOTTO";"24/09/2013 17:03"
"2473,000000";"3329,000000";"10,000000";"RETOMA";"25/09/2013 14:06"
"2478,000000";"3533,000000";"91,000000";"RETOMA";"02/10/2013 15:27"
"2481,000000";"3534,000000";"11,000000";"RETOMA";"08/10/2013 16:27"
"2482,000000";"3535,000000";"60,000000";"RETOMA";"10/10/2013 10:10"
"2483,000000";"3537,000000";"60,000000";"RETOMA";"10/10/2013 10:10"
"2484,000000";"3538,000000";"60,000000";"RETOMA";"10/10/2013 10:11"
"2502,000000";"3477,000000";"91,000000";"NUNO";"23/10/2013 09:26"
"2504,000000";"3551,000000";"11,000000";"RETOMA";"30/10/2013 13:53"
"2505,000000";"3550,000000";"11,000000";"RETOMA";"30/10/2013 13:53"
"2506,000000";"3555,000000";"11,000000";"RETOMA";"01/11/2013 15:04"
"2507,000000";"3554,000000";"11,000000";"RETOMA";"01/11/2013 15:04"
"2508,000000";"3553,000000";"11,000000";"RETOMA";"01/11/2013 15:04"
"2510,000000";"3556,000000";"9,000000";"RETOMA";"06/11/2013 09:37"
"2511,000000";"745,000000";"100,000000";"RETOMA";"06/11/2013 09:43"
"2512,000000";"763,000000";"100,000000";"RETOMA";"06/11/2013 09:43"
"2513,000000";"3075,000000";"100,000000";"RETOMA";"06/11/2013 09:44"
"2514,000000";"2989,000000";"100,000000";"RETOMA";"06/11/2013 09:44"
"2515,000000";"3500,000000";"100,000000";"RETOMA";"06/11/2013 09:44"
"2516,000000";"3322,000000";"100,000000";"RETOMA";"06/11/2013 09:44"
"2517,000000";"3256,000000";"100,000000";"RETOMA";"06/11/2013 09:44"
"2518,000000";"3340,000000";"100,000000";"RETOMA";"06/11/2013 09:44"
"2519,000000";"3404,000000";"100,000000";"RETOMA";"06/11/2013 09:44"
"2520,000000";"3479,000000";"100,000000";"RETOMA";"06/11/2013 09:44"
"2521,000000";"3375,000000";"100,000000";"RETOMA";"06/11/2013 09:44"
"2522,000000";"3444,000000";"100,000000";"RETOMA";"06/11/2013 09:44"
"2523,000000";"2895,000000";"100,000000";"RETOMA";"06/11/2013 09:44"
"2524,000000";"3484,000000";"100,000000";"RETOMA";"06/11/2013 09:44"
"2525,000000";"3522,000000";"100,000000";"RETOMA";"06/11/2013 09:44"
"2526,000000";"3447,000000";"100,000000";"RETOMA";"06/11/2013 09:44"
"2527,000000";"3528,000000";"100,000000";"RETOMA";"06/11/2013 09:44"
"2528,000000";"3472,000000";"100,000000";"RETOMA";"06/11/2013 09:44"
"2529,000000";"1724,000000";"100,000000";"RETOMA";"06/11/2013 09:44"
"2530,000000";"3544,000000";"100,000000";"RETOMA";"06/11/2013 09:44"
"2531,000000";"3017,000000";"100,000000";"RETOMA";"06/11/2013 09:44"
"2532,000000";"2861,000000";"100,000000";"RETOMA";"06/11/2013 09:44"
"2533,000000";"2228,000000";"100,000000";"RETOMA";"06/11/2013 09:44"
"2534,000000";"3248,000000";"100,000000";"RETOMA";"06/11/2013 09:44"
"2535,000000";"3359,000000";"100,000000";"RETOMA";"06/11/2013 09:44"
"2536,000000";"3416,000000";"100,000000";"RETOMA";"06/11/2013 09:44"
"2537,000000";"3236,000000";"100,000000";"RETOMA";"06/11/2013 09:44"
"2538,000000";"3235,000000";"100,000000";"RETOMA";"06/11/2013 09:44"
"2539,000000";"3445,000000";"100,000000";"RETOMA";"06/11/2013 09:44"
"2540,000000";"3434,000000";"100,000000";"RETOMA";"06/11/2013 09:44"
"2543,000000";"3561,000000";"5,000000";"RETOMA";"18/11/2013 09:27"
"2549,000000";"3567,000000";"5,000000";"RETOMA";"27/11/2013 10:08"
"2562,000000";"3372,000000";"9,000000";"RETOMA";"02/12/2013 10:51"
"2566,000000";"3584,000000";"10,000000";"RETOMA";"06/12/2013 09:32"
"2568,000000";"3518,000000";"9,000000";"RETOMA";"19/12/2013 10:03"
"2580,000000";"2870,000000";"105,000000";"RETOMA";"07/03/2014 14:57"
"2581,000000";"3607,000000";"10,000000";"NUNO";"17/03/2014 09:34"
"2585,000000";"733,000000";"106,000000";"RETOMA";"24/03/2014 09:19"
"2586,000000";"752,000000";"106,000000";"RETOMA";"24/03/2014 09:20"
"2587,000000";"3572,000000";"106,000000";"RETOMA";"24/03/2014 09:21"
"2588,000000";"2857,000000";"106,000000";"RETOMA";"24/03/2014 09:21"
"2589,000000";"3130,000000";"106,000000";"RETOMA";"24/03/2014 09:21"
"2590,000000";"3110,000000";"106,000000";"RETOMA";"24/03/2014 09:21"
"2591,000000";"3557,000000";"106,000000";"RETOMA";"24/03/2014 09:21"
"2592,000000";"3160,000000";"106,000000";"RETOMA";"24/03/2014 09:21"
"2593,000000";"3593,000000";"106,000000";"RETOMA";"24/03/2014 09:21"
"2594,000000";"3262,000000";"106,000000";"RETOMA";"24/03/2014 09:21"
"2595,000000";"3596,000000";"106,000000";"RETOMA";"24/03/2014 09:21"
"2596,000000";"3400,000000";"106,000000";"RETOMA";"24/03/2014 09:21"
"2597,000000";"3574,000000";"106,000000";"RETOMA";"24/03/2014 09:21"
"2598,000000";"3417,000000";"106,000000";"RETOMA";"24/03/2014 09:21"
"2599,000000";"3598,000000";"106,000000";"RETOMA";"24/03/2014 09:21"
"2600,000000";"3558,000000";"106,000000";"RETOMA";"24/03/2014 09:21"
"2601,000000";"3565,000000";"106,000000";"RETOMA";"24/03/2014 09:21"
"2602,000000";"3499,000000";"106,000000";"RETOMA";"24/03/2014 09:21"
"2603,000000";"1736,000000";"106,000000";"RETOMA";"24/03/2014 09:21"
"2604,000000";"3237,000000";"106,000000";"RETOMA";"24/03/2014 09:21"
"2605,000000";"3568,000000";"106,000000";"RETOMA";"24/03/2014 09:21"
"2606,000000";"3426,000000";"106,000000";"RETOMA";"24/03/2014 09:21"
"2607,000000";"3046,000000";"106,000000";"RETOMA";"24/03/2014 09:21"
"2608,000000";"3512,000000";"106,000000";"RETOMA";"24/03/2014 09:21"
"2609,000000";"3429,000000";"106,000000";"RETOMA";"24/03/2014 09:21"
"2610,000000";"3571,000000";"106,000000";"RETOMA";"24/03/2014 09:21"
"2611,000000";"3520,000000";"106,000000";"RETOMA";"24/03/2014 09:21"
"2612,000000";"3519,000000";"106,000000";"RETOMA";"24/03/2014 09:21"
"2613,000000";"3515,000000";"106,000000";"RETOMA";"24/03/2014 09:21"
"2614,000000";"2759,000000";"106,000000";"RETOMA";"24/03/2014 09:21"
"2615,000000";"3584,000000";"106,000000";"RETOMA";"24/03/2014 09:21"
"2616,000000";"1832,000000";"106,000000";"RETOMA";"24/03/2014 09:21"
"2618,000000";"745,000000";"107,000000";"RETOMA";"04/04/2014 15:06"
"2619,000000";"763,000000";"107,000000";"RETOMA";"04/04/2014 15:06"
"2620,000000";"3614,000000";"107,000000";"RETOMA";"04/04/2014 15:07"
"2621,000000";"3075,000000";"107,000000";"RETOMA";"04/04/2014 15:07"
"2622,000000";"3590,000000";"107,000000";"RETOMA";"04/04/2014 15:07"
"2623,000000";"2989,000000";"107,000000";"RETOMA";"04/04/2014 15:07"
"2624,000000";"3500,000000";"107,000000";"RETOMA";"04/04/2014 15:07"
"2625,000000";"3597,000000";"107,000000";"RETOMA";"04/04/2014 15:07"
"2626,000000";"3577,000000";"107,000000";"RETOMA";"04/04/2014 15:07"
"2627,000000";"3595,000000";"107,000000";"RETOMA";"04/04/2014 15:07"
"2628,000000";"3563,000000";"107,000000";"RETOMA";"04/04/2014 15:07"
"2629,000000";"3256,000000";"107,000000";"RETOMA";"04/04/2014 15:07"
"2630,000000";"3340,000000";"107,000000";"RETOMA";"04/04/2014 15:07"
"2631,000000";"3404,000000";"107,000000";"RETOMA";"04/04/2014 15:07"
"2632,000000";"3479,000000";"107,000000";"RETOMA";"04/04/2014 15:07"
"2633,000000";"3375,000000";"107,000000";"RETOMA";"04/04/2014 15:07"
"2634,000000";"3573,000000";"107,000000";"RETOMA";"04/04/2014 15:07"
"2635,000000";"3579,000000";"107,000000";"RETOMA";"04/04/2014 15:07"
"2636,000000";"3444,000000";"107,000000";"RETOMA";"04/04/2014 15:07"
"2637,000000";"3578,000000";"107,000000";"RETOMA";"04/04/2014 15:07"
"2638,000000";"2895,000000";"107,000000";"RETOMA";"04/04/2014 15:07"
"2639,000000";"3522,000000";"107,000000";"RETOMA";"04/04/2014 15:07"
"2640,000000";"3447,000000";"107,000000";"RETOMA";"04/04/2014 15:07"
"2641,000000";"3528,000000";"107,000000";"RETOMA";"04/04/2014 15:07"
"2642,000000";"3472,000000";"107,000000";"RETOMA";"04/04/2014 15:07"
"2643,000000";"1724,000000";"107,000000";"RETOMA";"04/04/2014 15:07"
"2644,000000";"3544,000000";"107,000000";"RETOMA";"04/04/2014 15:07"
"2645,000000";"3017,000000";"107,000000";"RETOMA";"04/04/2014 15:07"
"2646,000000";"2861,000000";"107,000000";"RETOMA";"04/04/2014 15:07"
"2647,000000";"2228,000000";"107,000000";"RETOMA";"04/04/2014 15:07"
"2648,000000";"3248,000000";"107,000000";"RETOMA";"04/04/2014 15:07"
"2649,000000";"3359,000000";"107,000000";"RETOMA";"04/04/2014 15:07"
"2650,000000";"3416,000000";"107,000000";"RETOMA";"04/04/2014 15:07"
"2651,000000";"3236,000000";"107,000000";"RETOMA";"04/04/2014 15:07"
"2652,000000";"3235,000000";"107,000000";"RETOMA";"04/04/2014 15:07"
"2653,000000";"3445,000000";"107,000000";"RETOMA";"04/04/2014 15:07"
"2654,000000";"3434,000000";"107,000000";"RETOMA";"04/04/2014 15:07"
"2656,000000";"3618,000000";"100,000000";"NUNO";"15/04/2014 10:18"
"2661,000000";"3641,000000";"9,000000";"NUNO";"14/05/2014 10:18"
"2662,000000";"3614,000000";"100,000000";"NUNO";"16/05/2014 09:29"
"2663,000000";"3590,000000";"100,000000";"NUNO";"16/05/2014 09:29"
"2664,000000";"3595,000000";"100,000000";"NUNO";"16/05/2014 09:29"
"2665,000000";"3573,000000";"100,000000";"NUNO";"16/05/2014 09:29"
"2666,000000";"3646,000000";"100,000000";"NUNO";"16/05/2014 09:29"
"2667,000000";"3577,000000";"100,000000";"NUNO";"16/05/2014 09:29"
"2668,000000";"3563,000000";"100,000000";"NUNO";"16/05/2014 09:29"
"2669,000000";"3578,000000";"100,000000";"NUNO";"16/05/2014 09:29"
"2670,000000";"3390,000000";"100,000000";"NUNO";"16/05/2014 09:29"
"2671,000000";"3532,000000";"100,000000";"NUNO";"16/05/2014 09:29"
"2675,000000";"3653,000000";"60,000000";"ALE_VIOTTO";"30/09/2014 09:06"
"2676,000000";"3669,000000";"60,000000";"ALE_VIOTTO";"30/09/2014 09:06"
"2677,000000";"3654,000000";"100,000000";"ALE_VIOTTO";"30/09/2014 09:10"
"2678,000000";"3666,000000";"100,000000";"ALE_VIOTTO";"30/09/2014 09:10"
"2679,000000";"3655,000000";"11,000000";"ALE_VIOTTO";"30/09/2014 09:12"
"2680,000000";"3665,000000";"11,000000";"ALE_VIOTTO";"30/09/2014 09:12"
"2686,000000";"3658,000000";"8,000000";"ALE_VIOTTO";"30/09/2014 09:23"
"2690,000000";"3656,000000";"9,000000";"ALE_VIOTTO";"30/09/2014 09:28"
"2691,000000";"3668,000000";"9,000000";"ALE_VIOTTO";"30/09/2014 09:28"
"2716,000000";"3487,000000";"9,000000";"RETOMA";"21/10/2014 13:52"
"2717,000000";"3696,000000";"100,000000";"RETOMA";"22/10/2014 16:41"
"2718,000000";"738,000000";"115,000000";"RETOMA";"23/10/2014 14:37"
"2719,000000";"757,000000";"115,000000";"RETOMA";"23/10/2014 14:37"
"2720,000000";"3604,000000";"91,000000";"RETOMA";"03/11/2014 14:19"
"2721,000000";"3699,000000";"91,000000";"RETOMA";"03/11/2014 14:19"
"2733,000000";"3702,000000";"11,000000";"RETOMA";"17/11/2014 09:03"
"2746,000000";"739,000000";"117,000000";"RETOMA";"17/03/2015 10:48"
"2747,000000";"758,000000";"117,000000";"RETOMA";"17/03/2015 10:49"
"2748,000000";"3723,000000";"100,000000";"RETOMA";"10/04/2015 15:18"
"2749,000000";"3729,000000";"100,000000";"RETOMA";"10/04/2015 15:18"
"2750,000000";"3706,000000";"100,000000";"RETOMA";"10/04/2015 15:18"
"2751,000000";"3732,000000";"100,000000";"RETOMA";"10/04/2015 15:18"
"2754,000000";"3750,000000";"11,000000";"RETOMA";"06/05/2015 15:02"
"2755,000000";"3748,000000";"60,000000";"RETOMA";"06/05/2015 15:03"
"2756,000000";"3749,000000";"8,000000";"RETOMA";"06/05/2015 15:03"
"2793,000000";"1135,000000";"120,000000";"RETOMA";"12/06/2015 14:40"
"2794,000000";"1496,000000";"120,000000";"RETOMA";"12/06/2015 14:41"
"2805,000000";"3738,000000";"91,000000";"NUNO";"25/08/2015 09:49"
"2808,000000";"3816,000000";"100,000000";"NUNO";"06/10/2015 13:39"
"2809,000000";"3836,000000";"100,000000";"NUNO";"06/10/2015 13:39"
"2810,000000";"3804,000000";"100,000000";"NUNO";"06/10/2015 13:39"
"2811,000000";"3837,000000";"100,000000";"NUNO";"06/10/2015 13:39"
"2814,000000";"3807,000000";"9,000000";"NUNO";"06/10/2015 13:40"
"2822,000000";"3800,000000";"11,000000";"NUNO";"06/10/2015 13:45"
"2823,000000";"3810,000000";"10,000000";"NUNO";"06/10/2015 13:50"
"2824,000000";"3801,000000";"60,000000";"NUNO";"06/10/2015 13:51"
"2829,000000";"3813,000000";"8,000000";"NUNO";"06/10/2015 13:54"
"2830,000000";"3823,000000";"8,000000";"NUNO";"06/10/2015 13:54"
"2831,000000";"3819,000000";"8,000000";"NUNO";"06/10/2015 13:54"
"2832,000000";"3805,000000";"5,000000";"NUNO";"06/10/2015 13:54"
"2834,000000";"3817,000000";"100,000000";"NUNO";"06/10/2015 13:55"
"2843,000000";"3848,000000";"9,000000";"NUNO";"27/10/2015 11:17"
"2844,000000";"3792,000000";"9,000000";"NUNO";"18/11/2015 09:27"
"2850,000000";"3881,000000";"10,000000";"NUNO";"04/03/2016 16:26"
"2852,000000";"3880,000000";"8,000000";"NUNO";"04/03/2016 16:27"
"2854,000000";"3871,000000";"11,000000";"NUNO";"04/03/2016 16:28"
"2855,000000";"3872,000000";"60,000000";"NUNO";"04/03/2016 16:29"
"2857,000000";"3874,000000";"9,000000";"NUNO";"04/03/2016 16:29"
"2859,000000";"3876,000000";"107,000000";"NUNO";"04/03/2016 16:30"
"2860,000000";"3877,000000";"5,000000";"NUNO";"04/03/2016 16:31"
"2864,000000";"737,000000";"123,000000";"RETOMA";"16/03/2016 14:26"
"2865,000000";"756,000000";"123,000000";"RETOMA";"16/03/2016 14:26"
"2868,000000";"3895,000000";"100,000000";"RETOMA";"15/04/2016 14:54"
"2870,000000";"3912,000000";"9,000000";"ALE_VIOTTO";"30/08/2016 14:39"
"2889,000000";"3770,000000";"100,000000";"RETOMA";"26/10/2016 15:50"
"2890,000000";"3934,000000";"100,000000";"RETOMA";"26/10/2016 15:50"
"2891,000000";"3910,000000";"100,000000";"RETOMA";"26/10/2016 15:50"
"2892,000000";"3929,000000";"100,000000";"RETOMA";"26/10/2016 15:50"
"2893,000000";"3925,000000";"100,000000";"RETOMA";"26/10/2016 15:50"
"2894,000000";"740,000000";"127,000000";"RETOMA";"18/01/2017 14:40"
"2895,000000";"759,000000";"127,000000";"RETOMA";"18/01/2017 14:40"
"2896,000000";"3943,000000";"91,000000";"NUNO";"08/02/2017 13:44"
"2897,000000";"3959,000000";"60,000000";"NUNO";"08/02/2017 14:53"
"2904,000000";"3965,000000";"11,000000";"NUNO";"27/03/2017 10:45"
"2905,000000";"3966,000000";"60,000000";"NUNO";"27/03/2017 10:45"
"2911,000000";"3969,000000";"8,000000";"NUNO";"27/03/2017 10:49"
"2912,000000";"3984,000000";"8,000000";"NUNO";"27/03/2017 10:49"
"2913,000000";"3981,000000";"8,000000";"NUNO";"27/03/2017 10:49"
"2917,000000";"3976,000000";"100,000000";"NUNO";"27/03/2017 10:51"
"2918,000000";"3977,000000";"100,000000";"NUNO";"27/03/2017 10:51"
"2919,000000";"3978,000000";"100,000000";"NUNO";"27/03/2017 10:51"
"2920,000000";"3985,000000";"5,000000";"NUNO";"27/03/2017 10:52"
"2921,000000";"3989,000000";"9,000000";"NUNO";"27/03/2017 10:53"
"2922,000000";"3990,000000";"10,000000";"NUNO";"27/03/2017 10:53"
"2929,000000";"3991,000000";"11,000000";"NUNO";"27/03/2017 10:56"
"2930,000000";"3992,000000";"60,000000";"NUNO";"27/03/2017 10:56"
"2936,000000";"3995,000000";"8,000000";"NUNO";"27/03/2017 10:58"
"2937,000000";"4010,000000";"8,000000";"NUNO";"27/03/2017 10:58"
"2938,000000";"4007,000000";"8,000000";"NUNO";"27/03/2017 10:58"
"2942,000000";"4002,000000";"100,000000";"NUNO";"27/03/2017 11:01"
"2943,000000";"4003,000000";"100,000000";"NUNO";"27/03/2017 11:01"
"2944,000000";"4004,000000";"100,000000";"NUNO";"27/03/2017 11:01"
"2945,000000";"4011,000000";"5,000000";"NUNO";"27/03/2017 11:02"
"2946,000000";"4015,000000";"9,000000";"NUNO";"27/03/2017 11:03"
"2947,000000";"4016,000000";"10,000000";"NUNO";"27/03/2017 11:03"
"2948,000000";"4046,000000";"100,000000";"RETOMA";"03/05/2017 08:44"
"2949,000000";"4050,000000";"105,000000";"NUNO";"10/05/2017 09:06"
"2974,000000";"4031,000000";"60,000000";"RETOMA";"21/08/2017 16:49"
"2977,000000";"4075,000000";"100,000000";"RETOMA";"13/09/2017 15:43"
"2978,000000";"4041,000000";"60,000000";"ALE_VIOTTO";"29/09/2017 15:23"
"2979,000000";"4057,000000";"91,000000";"NUNO";"06/10/2017 16:10"
"2989,000000";"4109,000000";"8,000000";"ALE_VIOTTO";"22/02/2018 09:59"
"2991,000000";"4059,000000";"91,000000";"ALE_VIOTTO";"16/03/2018 09:22"
"2992,000000";"4127,000000";"100,000000";"NUNO";"05/04/2018 11:10"
"2993,000000";"3907,000000";"100,000000";"RETOMA";"16/04/2018 15:58"
"2994,000000";"4051,000000";"100,000000";"RETOMA";"16/04/2018 15:58"
"2995,000000";"4124,000000";"100,000000";"RETOMA";"16/04/2018 15:58"
"2999,000000";"4097,000000";"60,000000";"RETOMA";"14/09/2018 14:35"
"3000,000000";"3911,000000";"60,000000";"RETOMA";"14/09/2018 14:35"
"3001,000000";"761,000000";"140,000000";"RETOMA";"14/09/2018 14:38"
"3002,000000";"742,000000";"140,000000";"RETOMA";"14/09/2018 14:38"
"3003,000000";"3966,000000";"140,000000";"RETOMA";"14/09/2018 14:39"
"3004,000000";"3992,000000";"140,000000";"RETOMA";"14/09/2018 14:39"
"3005,000000";"4031,000000";"140,000000";"RETOMA";"14/09/2018 14:40"
"3006,000000";"4153,000000";"140,000000";"RETOMA";"14/09/2018 14:40"
"3007,000000";"4097,000000";"140,000000";"RETOMA";"14/09/2018 14:40"
"3008,000000";"3911,000000";"140,000000";"RETOMA";"14/09/2018 14:40"
"3009,000000";"4153,000000";"60,000000";"RETOMA";"05/10/2018 10:00"
"3010,000000";"4166,000000";"60,000000";"RETOMA";"10/10/2018 15:19"
"3011,000000";"4169,000000";"60,000000";"RETOMA";"11/10/2018 10:58"
"3012,000000";"4150,000000";"9,000000";"RETOMA";"26/10/2018 12:32"
"3013,000000";"4143,000000";"9,000000";"RETOMA";"26/10/2018 12:32"
"3014,000000";"4152,000000";"9,000000";"RETOMA";"26/10/2018 12:32"
"3015,000000";"4130,000000";"9,000000";"RETOMA";"26/10/2018 12:32"
"3016,000000";"4161,000000";"9,000000";"RETOMA";"26/10/2018 12:32"
"3056,000000";"4210,000000";"15,000000";"ALE_VIOTTO";"15/04/2019 16:22"
"3057,000000";"4211,000000";"117,000000";"ALE_VIOTTO";"15/04/2019 16:23"
"3058,000000";"4212,000000";"127,000000";"ALE_VIOTTO";"15/04/2019 16:23"
"3059,000000";"4213,000000";"11,000000";"ALE_VIOTTO";"15/04/2019 16:24"
"3060,000000";"4214,000000";"60,000000";"ALE_VIOTTO";"15/04/2019 16:25"
"3063,000000";"4217,000000";"100,000000";"ALE_VIOTTO";"15/04/2019 16:26"
"3067,000000";"4221,000000";"8,000000";"ALE_VIOTTO";"15/04/2019 16:28"
"3068,000000";"4222,000000";"9,000000";"ALE_VIOTTO";"15/04/2019 16:28"
"3069,000000";"4223,000000";"10,000000";"ALE_VIOTTO";"15/04/2019 16:28"
"3070,000000";"4218,000000";"5,000000";"ALE_VIOTTO";"15/04/2019 16:29"
"3071,000000";"4224,000000";"115,000000";"ALE_VIOTTO";"16/04/2019 13:56"
"3074,000000";"4220,000000";"106,000000";"RETOMA";"06/08/2019 10:19"
"3075,000000";"4104,000000";"5,000000";"RETOMA";"27/08/2019 13:34"
"3076,000000";"4172,000000";"5,000000";"RETOMA";"27/08/2019 13:34"
"3077,000000";"4176,000000";"5,000000";"RETOMA";"27/08/2019 13:34"
"3078,000000";"3958,000000";"5,000000";"RETOMA";"27/08/2019 13:34"
"3079,000000";"3941,000000";"60,000000";"RETOMA";"29/11/2019 13:36"
"3080,000000";"4159,000000";"60,000000";"RETOMA";"29/11/2019 13:36"
"3081,000000";"4175,000000";"60,000000";"RETOMA";"29/11/2019 13:36"
"3082,000000";"4267,000000";"60,000000";"RETOMA";"29/11/2019 13:36"
"3083,000000";"4265,000000";"60,000000";"RETOMA";"29/11/2019 13:36"
"3084,000000";"4264,000000";"60,000000";"RETOMA";"29/11/2019 13:36"
"3085,000000";"4177,000000";"9,000000";"ALE_VIOTTO";"06/02/2020 14:52"
"3087,000000";"866,000000";"145,000000";"ACESARFS";"22/09/2021 09:37"
"3088,000000";"995,000000";"144,000000";"RETOMA";"22/09/2021 09:46"
"3089,000000";"996,000000";"144,000000";"RETOMA";"22/09/2021 09:46"
"3090,000000";"4368,000000";"144,000000";"RETOMA";"22/09/2021 09:48"
"3091,000000";"4330,000000";"144,000000";"RETOMA";"22/09/2021 09:48"
"3092,000000";"4301,000000";"9,000000";"ALE_VIOTTO";"28/09/2021 19:08"
"3093,000000";"3829,000000";"146,000000";"NUNO";"06/10/2021 16:37"
"3094,000000";"4258,000000";"146,000000";"NUNO";"06/10/2021 16:37"
"3095,000000";"3830,000000";"146,000000";"NUNO";"06/10/2021 16:37"
"3096,000000";"3832,000000";"146,000000";"NUNO";"06/10/2021 16:37"
"3097,000000";"4271,000000";"146,000000";"NUNO";"06/10/2021 16:37"
"3098,000000";"4273,000000";"146,000000";"NUNO";"06/10/2021 16:37"
"3099,000000";"4337,000000";"146,000000";"NUNO";"06/10/2021 16:37"
"3100,000000";"4147,000000";"146,000000";"NUNO";"06/10/2021 16:37"
"3101,000000";"3831,000000";"146,000000";"NUNO";"06/10/2021 16:37"
"3102,000000";"4069,000000";"146,000000";"NUNO";"06/10/2021 16:37"
"3103,000000";"3680,000000";"146,000000";"NUNO";"06/10/2021 16:38"
"3104,000000";"3689,000000";"146,000000";"NUNO";"06/10/2021 16:38"
"3105,000000";"3675,000000";"146,000000";"NUNO";"06/10/2021 16:38"
"3106,000000";"3679,000000";"146,000000";"NUNO";"06/10/2021 16:38"
"3107,000000";"3904,000000";"146,000000";"NUNO";"06/10/2021 16:38"
"3108,000000";"3676,000000";"146,000000";"NUNO";"06/10/2021 16:38"
"3109,000000";"3677,000000";"146,000000";"NUNO";"06/10/2021 16:38"
"3110,000000";"3678,000000";"146,000000";"NUNO";"06/10/2021 16:38"
"3111,000000";"3690,000000";"146,000000";"NUNO";"06/10/2021 16:38"
"3112,000000";"3681,000000";"146,000000";"NUNO";"06/10/2021 16:38"
"3113,000000";"4131,000000";"146,000000";"NUNO";"06/10/2021 16:38"
"3114,000000";"3686,000000";"146,000000";"NUNO";"06/10/2021 16:38"
"3115,000000";"3682,000000";"146,000000";"NUNO";"06/10/2021 16:38"
"3116,000000";"3688,000000";"146,000000";"NUNO";"06/10/2021 16:38"
"3117,000000";"3683,000000";"146,000000";"NUNO";"06/10/2021 16:38"
"3118,000000";"3685,000000";"146,000000";"NUNO";"06/10/2021 16:38"
"3119,000000";"3684,000000";"146,000000";"NUNO";"06/10/2021 16:38"
"3120,000000";"4197,000000";"146,000000";"NUNO";"06/10/2021 16:38"
"3121,000000";"3687,000000";"146,000000";"NUNO";"06/10/2021 16:38"
"3122,000000";"4381,000000";"100,000000";"ALE_VIOTTO";"18/10/2021 11:30"
"3123,000000";"747,000000";"147,000000";"RETOMA";"29/10/2021 14:39"
"3124,000000";"765,000000";"147,000000";"RETOMA";"29/10/2021 14:39"
